Date,Andaman and Nicobar Islands,Andhra Pradesh,Arunachal Pradesh,Assam,Bihar,Chandigarh,Chhattisgarh,Dadra and Nagar Haveli and Daman and Diu,Delhi,Goa,Gujarat,Haryana,Himachal Pradesh,Jammu and Kashmir,Jharkhand,Karnataka,Kerala,Ladakh,Lakshadweep,Madhya Pradesh,Maharashtra,Manipur,Meghalaya,Mizoram,Nagaland,Odisha,Puducherry,Punjab,Rajasthan,Sikkim,Tamil Nadu,Telangana,Tripura,Uttar Pradesh,Uttarakhand,West Bengal
4/1/2020,0,0,0,0,0,0,0,0,0,0,0,0,0,0,0,0,265,0,0,0,0,0,0,0,0,0,0,0,0,0,0,0,0,0,0,37
4/2/2020,0,132,0,16,0,18,9,0,0,5,0,0,0,0,0,0,286,0,0,0,0,0,0,0,0,0,0,37,0,0,0,0,0,0,7,0
4/3/2020,0,0,0,0,0,0,0,0,0,0,0,44,0,0,0,128,295,0,0,0,0,0,0,0,0,20,0,0,0,0,411,0,0,0,0,0
4/4/2020,0,0,0,0,0,0,0,0,0,0,0,0,0,0,0,0,306,0,0,0,0,0,0,0,0,0,0,0,0,0,0,0,0,0,0,0
4/5/2020,0,0,0,0,32,0,0,0,0,0,0,0,0,106,0,0,314,0,0,193,0,0,0,0,0,0,0,0,0,0,0,0,0,556,0,0
4/6/2020,0,0,0,0,0,0,0,0,0,0,0,0,0,0,0,0,327,0,0,0,868,0,0,1,0,0,0,0,0,0,0,0,0,0,0,0
4/7/2020,0,0,0,0,0,0,0,0,576,0,0,141,0,0,0,175,336,0,0,290,1018,0,0,1,0,42,0,0,363,0,0,0,0,0,32,0
4/8/2020,0,0,0,0,38,18,0,0,0,0,186,153,0,0,0,181,354,0,0,341,0,0,0,1,0,42,0,106,363,0,690,0,0,0,0,0
4/9/2020,0,0,1,0,43,0,0,0,720,7,0,156,0,0,0,197,357,0,0,411,868,0,0,1,0,48,0,130,463,0,834,0,0,410,35,0
4/10/2020,0,365,0,29,60,19,18,0,903,7,378,162,30,207,14,207,364,0,0,451,1135,0,0,0,0,50,0,151,561,0,911,0,0,433,35,0
4/11/2020,0,381,0,29,61,19,18,0,1069,0,468,165,30,224,17,215,373,0,0,529,1761,0,0,0,0,51,0,158,678,0,969,0,2,452,35,126
4/12/2020,0,405,0,29,64,21,31,0,1154,7,516,181,32,245,17,232,375,0,0,562,1761,0,0,1,0,54,0,170,796,0,1075,0,0,483,35,134
4/13/2020,0,432,0,0,65,21,31,0,1510,7,572,182,32,270,19,247,378,17,0,614,1996,0,0,1,0,54,0,176,847,0,1173,0,0,558,35,152
4/14/2020,0,473,1,31,62,21,33,0,1561,7,617,184,32,278,27,260,386,17,0,741,2340,2,0,1,0,56,0,184,1005,0,1204,0,0,660,35,190
4/15/2020,0,525,0,32,66,21,33,0,1578,7,766,190,35,300,0,279,387,18,0,938,2690,0,0,1,0,60,0,186,1076,0,1242,0,2,727,37,213
4/16/2020,0,534,0,34,72,21,33,0,1640,7,929,214,35,314,0,315,394,18,0,1164,2916,0,7,1,0,60,0,197,1101,0,1267,0,2,805,37,231
4/17/2020,12,572,1,34,83,21,36,0,1707,7,1099,223,36,328,32,359,395,0,0,1310,3204,2,9,0,0,60,0,211,1229,0,1323,0,0,849,40,255
4/18/2020,0,603,1,34,85,23,36,0,1893,7,1376,232,39,341,33,384,399,0,0,1402,3323,0,11,1,0,60,7,234,1282,0,1372,0,0,974,42,287
4/19/2020,0,647,0,34,92,26,36,0,2003,7,1743,250,39,350,38,390,401,18,0,1407,3651,0,11,1,0,61,7,244,1478,0,1477,858,0,1100,44,310
4/20/2020,0,722,1,34,96,26,36,0,2081,7,1939,251,39,368,45,408,408,0,0,1485,4204,0,11,1,0,68,7,245,1576,0,1520,0,0,1184,46,339
4/21/2020,0,757,1,34,115,27,36,0,2156,7,2178,255,39,380,0,418,426,18,0,1552,4676,0,12,1,0,79,7,251,1735,0,1596,0,2,1337,46,392
4/22/2020,0,813,2,0,136,27,36,0,2248,7,2407,264,39,407,49,427,437,0,0,1587,5229,0,12,1,0,83,7,257,1888,0,1629,0,2,1449,46,423
4/23/2020,0,893,0,0,148,27,36,0,2375,7,2624,270,40,427,53,445,447,0,0,1687,5218,0,12,1,0,89,7,283,1964,0,1683,0,0,1510,47,456
4/24/2020,27,955,2,35,176,27,36,0,2514,0,2815,275,40,454,57,474,450,0,0,1846,6427,2,12,0,0,94,7,298,2034,0,1755,0,0,1621,48,514
4/25/2020,0,1016,0,35,238,28,37,0,2625,0,3061,287,40,494,67,500,457,0,0,1945,6817,2,12,0,0,94,8,308,2083,0,1821,0,0,1793,48,571
4/26/2020,0,1097,2,35,255,30,37,0,2918,0,3301,296,40,523,82,503,468,0,0,2090,7928,0,0,1,0,103,8,322,2185,0,1885,0,0,1873,50,611
4/27/2020,33,1177,2,35,328,40,37,0,3108,7,3547,301,40,546,103,512,481,0,0,2165,8068,0,12,1,0,111,8,330,2262,0,1937,0,0,1896,51,649
4/28/2020,0,1259,2,0,346,56,38,0,3314,7,3774,308,40,565,105,523,485,0,0,2387,8590,0,12,1,0,118,8,342,2364,0,2058,1009,0,2053,52,697
4/29/2020,0,1332,2,37,383,67,38,0,3439,7,4082,311,40,581,107,535,495,22,0,2560,9318,0,12,1,0,122,8,375,2438,0,2162,1016,0,2134,54,725
4/30/2020,0,1403,2,0,409,74,40,0,0,7,4395,339,40,614,109,565,497,22,0,2625,9915,2,12,1,0,142,8,480,2584,0,2323,0,0,2211,57,758
5/1/2020,33,1463,2,0,466,88,43,0,0,7,4721,357,40,639,113,589,497,22,0,2715,10498,2,0,1,0,149,9,585,2666,0,2526,0,3,2328,57,0
5/2/2020,0,1525,0,42,476,94,0,0,4122,7,5054,369,40,666,115,601,499,23,0,2788,11506,2,12,1,0,157,12,772,2720,0,2757,0,5,2487,59,795
5/3/2020,0,1583,2,0,485,97,57,0,4549,7,5428,442,40,701,115,614,499,41,0,2837,12296,0,0,1,0,162,12,1102,2886,0,3023,0,5,2645,60,922
5/4/2020,0,1650,2,42,525,102,0,0,4898,7,5804,517,41,726,115,651,499,41,0,2942,12974,2,12,1,0,169,12,1232,3061,0,3550,0,17,2766,60,1259
5/5/2020,0,1717,2,43,529,115,58,1,5104,7,6245,548,42,741,125,673,502,0,0,3049,14541,0,12,1,0,170,12,1451,3158,0,4058,0,30,2880,61,1344
5/6/2020,0,1777,2,0,539,120,59,1,5532,7,6625,594,43,775,127,693,502,0,0,3138,15525,0,0,1,0,185,12,1526,3317,0,4829,0,43,2998,61,1456
5/7/2020,0,1833,2,0,547,129,0,1,5980,0,7013,625,46,793,132,705,502,0,0,3252,16758,2,12,1,0,209,13,1644,3427,0,5409,0,89,3071,61,1548
5/8/2020,0,1887,2,0,564,146,59,1,6318,7,7403,647,50,823,132,753,503,0,0,3341,17974,2,0,1,0,271,15,1731,3579,0,6009,0,89,3214,61,1678
5/9/2020,0,1930,2,59,585,169,59,0,6542,7,7797,675,52,836,154,794,505,42,0,3457,19063,2,12,1,0,294,16,1762,3708,0,6535,0,119,3373,67,1786
5/10/2020,0,1980,2,62,653,173,59,1,6923,7,8195,703,55,861,157,848,512,0,0,3614,20228,2,13,1,0,362,17,1823,3814,0,7204,0,136,3467,68,1939
5/11/2020,0,2018,2,64,714,173,0,1,7233,7,8541,730,59,879,160,862,512,0,0,3785,23401,2,13,1,0,414,17,1877,3988,0,8002,0,154,3573,68,2063
5/12/2020,0,2051,2,64,796,187,59,1,7639,0,8903,780,66,934,164,925,524,0,0,3986,23401,0,0,1,0,437,0,1914,4126,0,8718,0,155,3664,68,2173
5/13/2020,0,2137,2,0,909,189,59,1,7998,0,9268,793,67,971,177,959,534,43,0,4173,24427,2,0,1,0,538,18,1924,4328,0,9227,0,155,3578,70,2290
5/14/2020,0,2100,2,86,970,191,59,1,8470,7,9591,818,70,983,197,987,560,0,0,4426,25922,0,0,1,0,611,18,1935,4534,0,9674,0,156,3902,75,2377
5/15/2020,0,2157,2,86,1010,191,66,1,8895,7,9932,854,76,1013,211,1056,576,0,0,4595,27524,3,13,1,0,672,21,1932,4747,0,10108,0,156,4057,79,2461
5/16/2020,33,0,2,91,1083,191,67,0,9333,20,10989,887,78,1121,217,1092,587,43,0,4790,29100,4,0,1,0,737,22,1946,4960,0,10585,1551,167,4258,88,2576
5/17/2020,0,2230,2,97,1193,191,0,1,9755,29,11380,910,80,1183,223,1147,601,0,0,4977,30706,0,0,1,0,828,22,1964,5202,0,11224,0,167,4464,92,2677
5/18/2020,0,2282,2,106,1391,196,93,1,10054,29,11746,928,90,1289,228,1246,630,43,0,5236,33053,7,13,1,0,876,22,1980,5375,0,11760,0,167,4605,93,2825
5/19/2020,33,2339,2,141,1495,199,100,1,10554,46,12141,964,92,1317,248,1395,642,43,0,5465,35058,0,13,1,0,978,22,2002,5845,0,12448,0,169,4926,104,2961
5/20/2020,33,2407,2,170,1607,0,0,1,11088,50,12539,970,110,1390,281,1462,666,0,0,5735,37136,20,13,1,0,1052,24,2005,6015,0,13191,0,173,5175,120,3103
5/21/2020,33,2452,2,203,1881,216,128,1,11659,52,12910,1031,152,1449,303,1605,690,44,0,5981,39297,0,0,1,0,1103,31,2028,6227,0,13967,0,173,5515,132,3197
5/22/2020,33,2514,2,259,2098,219,172,1,12319,54,13273,1067,168,1489,323,1743,733,44,0,6170,41642,26,14,1,0,1189,32,2029,6494,0,14735,0,175,5735,151,3332
5/23/2020,33,2561,2,329,2344,225,214,2,12910,55,13669,1131,185,1569,350,1959,795,49,0,6371,44582,29,0,1,0,1269,39,2045,6657,0,15512,0,191,6017,173,3459
5/24/2020,33,2627,2,378,2507,238,0,2,13418,66,14056,1184,203,1621,370,2089,848,52,0,6665,47190,0,0,1,0,1335,45,2060,7028,1,16277,0,191,6268,293,3667
5/25/2020,33,2671,2,526,0,266,292,2,14053,67,14468,1213,223,1668,405,2182,897,53,0,6859,50231,36,0,1,3,1438,47,2081,7300,1,17082,0,198,6497,332,3816
5/26/2020,33,2719,2,616,0,278,360,2,14465,67,14821,1305,247,1759,426,2283,964,0,0,7024,52667,39,15,1,4,1517,52,2106,7536,1,17728,0,209,6724,400,4009
5/27/2020,33,2787,2,0,3010,279,364,2,15257,68,15203,1381,273,1921,458,2418,1004,0,0,7261,54758,44,20,0,9,1593,60,2139,7816,1,18545,0,232,6991,438,4192
5/28/2020,33,2841,3,0,3106,289,398,2,16281,69,15572,1504,281,2036,469,2533,1089,0,0,7453,56948,55,0,1,18,1660,61,2158,8067,1,19372,0,242,7170,493,4536
5/29/2020,33,2874,3,1024,3276,289,415,2,17386,69,15944,1721,295,2164,521,2781,1151,0,0,7645,59546,59,0,1,25,1723,65,2197,8365,1,20246,0,244,7445,602,4813
5/30/2020,33,2944,4,1185,3511,289,447,0,18549,70,16356,1923,313,2341,563,2922,1209,74,0,7891,62228,0,0,1,36,1819,71,2233,8617,1,21184,0,271,7701,727,5130
5/31/2020,33,3045,4,1272,3692,293,492,0,19844,71,16794,2091,331,2446,610,3221,1270,77,0,8089,65168,0,27,1,43,1948,81,2263,8831,1,22333,0,316,8075,802,5501
6/1/2020,33,3118,22,0,3872,294,539,3,20834,73,17217,2356,340,2601,661,3408,1327,0,0,8283,67655,0,27,1,43,2104,81,2301,9100,1,23495,0,423,8361,929,5772
6/2/2020,33,3200,28,1513,4049,301,556,0,22132,79,17632,2652,345,2718,712,3796,1413,81,0,8420,70013,0,28,13,49,2245,91,2342,9373,1,24586,0,471,8729,999,6168
6/3/2020,33,3279,38,1672,4273,301,626,12,23645,126,18117,2954,359,2857,764,4063,1495,0,0,8588,72300,118,28,14,58,2388,98,2376,9652,2,25872,0,622,8870,1066,6508
6/4/2020,33,3377,43,1988,4420,302,756,14,25004,166,18609,3281,383,3142,827,4320,1589,0,0,8762,74860,0,31,17,80,2478,109,2415,9862,2,27256,0,646,9237,1145,6876
6/5/2020,33,3427,46,0,4551,309,863,14,26334,196,19119,3597,393,3324,922,4835,1700,97,0,8996,77793,132,31,22,94,2608,115,2461,10084,3,28694,0,694,9733,1215,7303
6/6/2020,33,3588,49,2397,4745,309,923,19,27654,267,19617,3952,400,3467,1028,5213,1808,99,0,9228,80229,0,33,24,107,2781,118,2515,10337,3,30152,0,749,10103,1245,7738
6/7/2020,33,3718,51,2565,4972,314,1073,20,28936,300,20097,4448,411,4087,1103,5452,1915,0,0,9401,82968,172,33,34,118,2856,130,2608,10599,0,31667,0,802,10536,1341,8187
6/8/2020,33,3843,57,0,5176,318,1160,22,29943,330,20574,4854,421,4285,1290,5760,2006,0,0,9638,85975,0,36,42,123,2994,139,2663,10876,6,33229,0,840,10947,1380,8613
6/9/2020,33,3990,57,2937,5364,0,1211,0,31309,359,21044,5209,437,4346,1416,5921,2097,108,0,9849,88528,304,40,88,127,3140,143,2719,11245,12,34914,0,866,11335,1488,8985
6/10/2020,35,4126,61,0,5583,328,1262,27,32810,387,21554,5438,451,4507,1423,6041,2162,0,0,10049,90787,311,44,102,128,3250,156,2805,11600,12,36841,0,897,11610,1560,9328
6/11/2020,38,4261,67,3319,5807,332,1398,0,34687,417,22067,5968,470,4574,1599,6245,2245,135,0,10241,94041,366,44,104,130,3386,168,2887,11838,12,38716,0,915,12088,1637,9768
6/12/2020,38,4402,87,3498,6043,334,1429,0,36824,463,22562,6334,486,4730,1656,6516,2323,239,0,10443,97648,0,44,0,156,3477,175,2986,12068,26,40698,0,960,12619,1692,10244
6/13/2020,38,4588,88,0,6183,345,1512,28,38958,523,23079,6749,493,4878,1711,6824,2408,437,0,10641,101141,449,44,107,163,3723,193,3063,12401,62,42687,0,1042,13118,1759,10698
6/14/2020,38,4841,0,0,6355,350,1549,31,41182,564,23590,7208,518,5041,1761,7000,2462,539,0,10802,104568,458,0,112,168,3909,206,3140,12694,67,44661,0,1075,13615,1816,11087
6/15/2020,41,5087,95,4158,6581,357,1715,38,42829,592,24104,7722,556,5220,1793,7213,2544,555,0,10935,107958,490,44,117,177,4055,214,3267,12981,68,46504,0,1084,14091,1836,11494
6/16/2020,44,5280,99,4319,6736,358,1784,51,44688,629,24628,8272,560,5298,1839,7530,2623,649,0,11083,110744,0,44,121,179,4163,233,3371,13216,68,48019,5406,1090,14598,1912,11909
6/17/2020,44,5555,103,4605,6889,368,1864,58,47102,656,25148,8832,585,5406,1895,7734,2698,687,0,11244,0,552,43,121,193,4338,257,3497,13542,70,50193,5675,1133,15181,1985,12300
6/18/2020,45,5854,103,4861,6993,373,1946,69,49979,705,25658,9218,595,5555,1919,7944,2795,687,0,11426,123794,606,43,130,193,4512,285,3615,13857,0,52334,0,1154,15785,2079,12735
6/19/2020,47,7961,135,4904,7178,375,2018,0,53116,725,26198,9743,627,5680,1961,8281,2913,744,0,11582,120504,681,43,130,198,4677,301,3832,14156,70,54449,6526,1181,16594,2127,13090
6/20/2020,47,8452,135,5006,7380,390,2076,93,56746,754,26737,10223,656,5834,2024,8697,3040,836,0,11724,124331,0,43,140,201,4856,353,3952,14537,70,56845,7072,1189,17135,2278,13531
6/21/2020,48,8929,139,5388,7602,404,2273,97,59746,818,27317,10635,673,5956,2089,9150,3173,837,0,11903,128205,841,0,141,211,5160,389,4074,14930,70,59377,7802,1224,17731,2324,13945
6/22/2020,48,9372,148,5586,7808,410,2302,112,62655,864,27880,11025,727,6088,2140,9399,3311,847,0,12078,132075,898,44,142,280,5303,407,4235,15232,78,62087,8674,1240,18322,2401,14358
6/23/2020,50,9834,158,5853,7974,415,2356,121,66602,909,28429,11520,775,6236,2193,9721,3452,932,0,12261,142628,921,46,142,330,5470,426,4397,15627,79,64603,9553,1263,18893,2505,14728
6/24/2020,56,10331,160,6282,8180,420,2419,134,70390,951,29001,12010,806,6422,2219,10118,3604,932,0,12448,146811,970,46,145,347,5752,489,4627,16009,83,67468,10444,1263,19557,2568,15173
6/25/2020,59,10884,172,6646,8381,423,2456,154,73780,995,29578,12463,839,6549,2261,10560,3727,941,0,12595,151823,1056,46,145,355,5962,532,4769,16296,85,70977,11364,1295,20193,2642,15648
6/26/2020,72,11489,174,6646,8611,424,2545,169,77240,1039,30158,12884,864,6762,2294,11005,3877,946,0,12798,156457,0,48,147,371,6180,565,4957,16660,86,74622,12349,1330,20943,2725,16190
6/27/2020,73,12285,177,6919,8859,427,2602,184,80188,1128,30773,13427,894,6966,2339,11923,4072,960,0,12965,162168,1092,48,150,387,6350,654,5056,16944,87,78335,13436,1339,21549,2791,16711
6/28/2020,83,13098,182,7165,9117,429,2694,188,83077,1198,31397,13829,916,7093,2364,13190,4190,0,0,13186,168388,0,50,151,415,6614,682,5216,17271,88,82275,14419,1351,22147,2823,17283
6/29/2020,90,13891,187,7492,9506,434,2761,203,85161,1251,32023,14210,942,7237,2426,14295,4311,964,0,13370,173227,1227,51,151,434,6859,690,5418,17660,88,86224,15394,1385,22828,2831,17907
6/30/2020,97,14595,191,7835,9744,440,2858,213,87360,1315,32643,14548,953,7497,2490,15242,4442,0,0,13593,177945,0,52,151,459,7065,714,5568,18014,88,90167,16339,1393,23492,2881,18559
7/1/2020,100,15252,195,8547,10075,446,2940,229,89802,1387,33318,14941,979,7695,2525,16514,4593,990,0,13861,183686,0,55,160,501,7316,739,5668,18312,88,94049,17357,1401,24056,2947,19170
7/2/2020,109,16097,232,8955,10392,450,3013,254,92175,1482,33999,15509,1014,7849,2585,18016,4753,990,0,14106,190071,1279,55,160,535,7545,802,5784,18662,88,98392,18570,1440,24825,2984,19819
7/3/2020,116,16934,252,9434,10911,454,3065,304,94695,1576,34686,16003,1033,8019,2697,19710,4965,1001,0,14297,196405,1316,58,162,539,8106,824,5937,19052,101,102721,20462,1533,25797,3048,20488
7/4/2020,119,17699,259,9799,11457,459,3133,333,97200,1684,35398,16548,1046,8246,2739,21549,5205,1005,0,14604,203816,1325,70,164,563,8601,904,6109,19532,103,107001,22312,1558,26554,3093,21231
7/5/2020,125,18697,269,11001,11860,466,3207,371,99444,1761,36123,17005,1063,8429,2807,23474,5430,1005,0,14930,210221,0,72,186,590,9070,946,6283,20164,125,111151,23902,1581,27707,3124,22126
7/6/2020,141,20019,270,11736,12140,487,3305,398,100823,1813,36858,17504,1077,8675,2854,25317,5623,0,0,15284,216079,1390,80,191,625,9526,1009,6491,20688,125,114978,25733,1692,28636,3161,22987
7/7/2020,147,21197,276,12522,12525,492,3415,423,102831,1903,37636,17999,1083,8931,3018,26815,5895,1041,0,15627,220816,1430,90,197,644,10097,1041,6749,21404,125,118594,27612,1716,29968,3230,23837
7/8/2020,149,22259,287,0,13274,507,3491,440,104864,2039,38419,18690,1101,9261,3134,28877,6196,1047,0,16036,227684,0,99,201,657,10624,1151,6907,22063,129,122350,29536,1773,31156,3258,24823
7/9/2020,151,23814,302,14032,13978,523,3679,454,107051,2151,39280,19369,1140,9501,3268,31105,6535,1055,0,16341,234853,1450,104,203,673,11201,1200,7140,22563,130,126581,30946,1789,32362,3305,25911
7/10/2020,156,25422,335,14600,14330,536,3806,468,109140,2251,40155,19934,1171,9888,3518,33418,6951,1064,0,16657,242867,1582,186,226,732,11956,1272,7357,23174,130,130261,32224,1931,33700,3373,27109
7/11/2020,163,27235,341,15536,15039,549,3897,480,110921,2368,41027,20582,1182,10156,3663,36216,7439,1077,0,17201,251442,1593,262,226,748,12526,1337,7587,23748,156,134226,33402,1962,35092,3417,28453
7/12/2020,163,29168,359,16071,16305,559,4081,495,112494,2453,41897,21240,1213,10513,3760,38843,7874,1086,0,17632,259037,1609,295,227,774,13121,1418,7821,24392,160,138470,34671,2067,36476,3537,30013
7/13/2020,166,31103,387,16806,17421,588,4265,520,113740,2583,42808,21929,1243,10827,3963,41581,8323,1093,0,18207,265724,0,309,233,845,13737,1468,8178,24936,162,142798,36221,2093,38130,3608,31448
7/14/2020,171,33019,462,17807,18853,600,4379,536,115346,2753,43723,22628,1309,11173,4225,44077,8931,1128,0,19005,272392,0,318,233,896,14280,1531,8511,25571,211,147324,37745,2183,39724,3686,32838
7/15/2020,176,35451,491,18666,20173,619,4556,552,116993,2951,44648,23306,1341,11666,4562,47253,9554,0,0,19643,280751,1700,346,238,902,14898,1596,8799,26437,0,151820,39342,2281,41383,3785,34427
7/16/2020,180,38044,543,19754,21558,635,4754,570,118645,3108,45567,24002,1377,12156,4783,51422,10276,1147,0,20378,288696,0,377,267,916,15392,1743,9094,27174,235,156369,41018,2379,43441,3982,36117
7/17/2020,194,40646,609,20646,23300,660,4976,601,120107,3304,46516,24797,1417,12757,5096,55115,11067,0,0,21082,296780,1800,403,272,956,16110,1832,9442,27789,254,160907,42496,2497,0,4102,38011
7/18/2020,198,44609,650,21864,24967,691,5246,646,121582,3484,47476,25547,1457,13198,5385,59652,11660,1159,0,21763,305541,1891,418,282,978,16701,1894,9792,28500,273,165714,43780,2668,47036,4276,40209
7/19/2020,203,49650,740,22981,26379,717,5407,684,122793,3657,48441,26164,1521,13899,5552,63772,12481,1178,0,22600,315387,1911,450,284,988,17437,1999,10100,29434,283,170693,45076,2892,49286,4515,42487
7/20/2020,207,53724,790,23999,27455,739,5598,705,123747,3853,49439,26858,1631,14650,5777,67420,13275,1195,0,23310,324210,1925,469,284,1021,18110,2092,10510,30390,305,175678,46274,3093,51160,4642,44769
7/21/2020,212,58668,858,25092,28564,751,5731,733,125096,4027,50465,27462,1664,15258,6195,71069,13995,1198,0,24095,332831,2015,490,297,1030,18757,2183,10889,31373,330,180643,47705,3345,0,4849,47030
7/22/2020,221,64713,949,27744,30066,780,5968,0,126323,4176,51485,28186,1725,15711,6682,75833,15033,1206,0,24842,342936,2060,514,317,1084,19835,2300,11301,32334,438,186492,49259,3471,55588,5300,49321
7/23/2020,240,72711,991,28791,31691,800,6254,0,127364,4350,52563,28975,1834,16429,7166,80863,16111,1210,0,25474,352760,2115,534,326,1174,21099,2420,11739,33220,460,192964,50826,3677,58104,5445,51757
7/24/2020,259,80858,1056,29921,33511,823,6731,854,128389,4540,53631,29755,1954,16782,7564,0,16996,1246,0,26210,362416,2146,582,332,1238,22693,2515,12216,34178,477,199749,52466,3777,60771,5717,53973
7/25/2020,290,88671,1126,31086,36314,852,7087,890,129531,4686,54712,30538,2049,17305,7841,90942,18099,1276,0,26926,371731,2176,595,361,1289,24013,2654,12684,35298,512,206737,54059,3882,63742,5961,56377
7/26/2020,324,96298,1158,32228,38919,887,7489,940,130606,4861,55822,31332,2176,17920,8349,96141,19026,1285,0,27800,381452,2235,702,361,1339,25389,2787,13218,36430,0,213723,0,3919,67048,6104,58718
7/27/2020,338,102349,1239,33576,41111,910,7863,0,131219,5119,56874,32127,2270,18390,8803,101465,19728,1306,0,28589,389872,2286,738,361,1385,26892,2872,13769,37564,545,220716,55532,4066,70493,6328,60830
7/28/2020,363,110297,1330,34947,43591,934,8257,1020,132275,5287,57982,32876,2330,18879,9563,107001,20895,1327,0,29217,397513,2317,794,384,1460,28107,3011,14378,38636,579,227688,57142,4287,73951,6587,62964
7/29/2020,428,120390,1410,36295,45919,978,8515,1058,133310,5489,59126,33631,2403,19419,9894,112504,21798,1347,0,30134,407877,2458,794,395,1513,29175,3177,14946,39780,596,234114,58906,4503,77334,6866,65258
7/30/2020,471,130557,1484,38407,48001,1016,8775,1093,134403,5704,60285,34254,2506,19869,10399,118632,22304,1378,0,30968,419334,0,803,397,1566,30378,3298,15456,40936,610,239978,60717,4722,81039,7065,67692
7/31/2020,548,140933,1591,40269,50987,1051,9086,1136,0,5913,61438,34965,2564,20359,11314,124115,23614,1404,0,31806,428684,2621,818,408,1693,31877,3472,16119,42083,639,245859,62703,4996,0,7183,70188
8/1/2020,636,150209,1673,41726,54508,1079,9385,1181,136716,6193,62574,35758,2634,20972,12104,129287,24743,1462,0,32614,438920,0,856,413,1831,33479,3606,17063,43243,650,251738,64786,5248,89068,7447,72777
8/2/2020,734,158764,1698,42904,57270,1117,9608,1232,137677,6530,63675,36519,2703,21416,12559,134819,25912,1466,0,33535,448418,0,868,468,1935,34913,3806,17853,44410,658,257613,66677,5389,92921,7593,75516
8/3/2020,830,166586,1758,45275,59567,1159,9800,1265,138482,6816,64684,37173,2818,22006,13500,139571,26874,1485,0,34285,457476,2920,902,482,2129,36297,3982,18527,45555,688,263222,67660,0,97362,7800,78232
8/4/2020,928,176333,1790,48161,62301,1206,10109,1304,139156,7075,65704,37796,2879,22396,14070,145830,27957,1534,0,35082,466151,3018,913,501,2405,37681,4147,19015,46679,783,268285,68946,5520,100310,8008,80984
8/5/2020,1027,186461,1855,50445,64732,1270,10407,1368,140232,7423,66777,38548,2916,22955,15048,151449,29152,1592,0,35734,477167,3093,929,504,2498,39018,4433,19856,47272,788,273460,70958,5643,0,8254,83800
8/6/2020,1123,196789,1948,52817,68148,1327,10932,1412,141531,7614,67811,39303,3047,23454,15756,158254,30450,1595,0,36564,488670,3217,990,537,2580,40717,4621,20891,48996,829,279144,73050,5740,108974,8552,86754
8/7/2020,1222,206960,2049,55496,71794,1374,11328,1456,142723,7947,68885,40054,3150,23927,16482,164924,31701,1614,0,37298,500023,3466,1006,537,2657,42550,4862,21930,50157,854,285024,75257,5868,113440,8901,89666
8/8/2020,1351,217040,2117,57714,75786,1426,11743,1505,144127,8206,69986,40843,3264,24390,17468,172102,33121,1639,0,38157,513228,3635,1023,537,2688,44193,5123,22928,51328,854,290907,77513,6014,118038,9402,92615
8/9/2020,1490,227860,2155,58837,79720,1515,12148,0,145427,8712,71064,41635,3371,24897,18156,178087,34332,1688,0,39025,526081,3753,1062,608,2781,45927,5382,23903,52497,866,296901,79495,6161,0,9632,95554
8/10/2020,1625,235525,2231,61737,82741,1595,12502,0,146134,9029,72120,42429,3463,25367,18786,182354,35516,1717,0,39891,535635,3853,1114,620,3011,47455,5624,24889,53670,910,302815,80751,6223,126722,10021,98459
8/11/2020,1764,0,2327,64406,86812,0,12938,0,0,0,73238,43227,3497,0,19469,0,36933,1770,0,0,546782,0,1136,623,3031,48796,0,25889,0,0,0,82647,6387,0,0,0
8/12/2020,1900,0,0,68999,90553,0,0,0,0,9924,74390,44024,3636,26413,20257,0,38145,1811,0,0,560056,0,0,648,3113,0,0,0,56100,0,0,0,6497,0,0,0
8/13/2020,2037,0,0,71795,0,1842,13960,0,0,10494,75482,44817,3816,26949,20950,203200,39709,1849,0,0,571495,0,1165,649,3168,0,0,0,57414,0,320355,0,6618,0,11302,107323
8/14/2020,2186,0,2607,74501,0,1928,14481,1797,0,10970,76569,45614,3874,27489,22125,211108,41278,1879,0,0,584784,4198,1191,656,3322,0,6995,29013,58692,0,326245,0,6782,0,11615,110358
8/15/2020,2306,0,2658,0,0,2009,14987,1843,151928,11339,77663,46410,3993,28021,22672,219926,42886,1909,0,44433,596654,4390,1292,713,3340,57126,7354,30041,59979,0,332105,90259,6949,0,11940,113432
8/16/2020,2399,0,0,76875,0,0,15471,1878,0,11639,78783,0,0,0,23224,226966,44416,0,0,0,607631,4569,1374,0,3394,60050,7732,0,61296,0,338055,91361,7076,0,12175,116498
8/17/2020,2445,0,0,79667,0,0,15993,1908,0,0,79816,48040,0,0,0,0,46141,0,0,0,616486,0,0,0,3455,0,0,0,62630,0,343945,0,7219,0,0,119578
8/18/2020,2529,0,0,82201,0,2305,16726,1951,0,12333,80942,48936,0,0,0,0,47899,0,0,47375,626469,4765,1454,0,3520,64533,0,34400,63977,0,349654,93937,7424,0,0,122753
8/19/2020,2604,0,0,84317,0,0,17485,1995,0,0,82087,0,0,0,0,0,50232,0,0,0,641694,0,1506,0,3558,67122,8752,0,0,0,355449,95700,7660,0,0,0
8/20/2020,2680,0,0,86052,0,0,0,2030,0,0,83262,0,0,0,0,0,52200,0,0,0,656473,0,0,0,0,70020,9292,0,0,0,361435,97424,7850,0,0,0
8/21/2020,2747,0,0,87908,0,0,19459,2082,0,1348,84466,0,0,31371,0,264546,54183,0,0,50640,672037,0,1718,0,0,72718,0,39327,67954,0,367430,99391,8106,0,14083,132364
8/22/2020,2808,0,0,0,0,0,0,2120,0,0,85678,53290,0,0,0,0,56355,0,0,0,687845,0,0,0,0,75537,10112,0,0,0,0,101865,8386,0,0,135596
8/23/2020,2860,0,0,0,0,0,0,2161,0,0,86779,54386,0,0,0,0,58263,0,0,0,698138,0,0,0,0,78530,0,0,0,0,0,104249,8717,0,0,0
8/24/2020,2904,0,0,0,0,0,0,2181,0,0,87846,55460,0,0,0,0,59505,0,0,0,709425,0,0,0,0,81479,0,0,0,0,0,106091,8917,0,0,0
8/25/2020,2945,0,0,0,0,0,0,2203,0,0,88942,56608,0,0,0,0,61880,0,0,0,716867,0,0,0,0,84231,0,0,0,0,0,108670,9210,0,0,0
8/26/2020,2985,0,0,0,0,0,0,2228,0,0,90139,58005,0,0,0,0,64356,0,0,0,734862,0,0,0,0,87602,0,0,0,0,0,111688,9539,0,0,0
8/27/2020,3018,0,0,0,0,0,0,2266,0,0,91329,59298,0,0,0,0,66762,0,0,0,750412,0,0,0,0,90986,0,0,0,0,0,114483,9924,0,0,0
8/28/2020,3050,0,0,0,0,0,0,2290,0,0,92601,60596,0,0,0,0,69305,0,0,0,764556,0,0,0,0,94668,0,0,0,0,0,117415,10433,0,0,0
8/29/2020,3081,0,0,0,0,0,0,2306,0,0,93883,61987,0,0,0,0,71702,0,0,0,780957,0,0,0,0,97920,0,0,0,0,0,120166,10876,0,0,0
8/30/2020,3104,0,0,0,0,0,0,2340,0,0,95155,63282,0,0,0,0,73856,0,0,0,798970,0,0,0,0,0,0,0,0,0,0,123090,11323,0,0,0
8/31/2020,3132,0,0,0,0,0,0,0,0,0,96435,0,0,0,0,0,75386,0,0,0,811797,0,0,0,0,0,0,0,0,0,0,124963,11644,0,0,0
9/1/2020,3160,0,0,0,0,0,0,0,0,0,97745,66426,0,0,0,0,76526,0,0,0,820623,0,0,0,0,0,0,0,0,0,0,0,12153,0,0,0
9/2/2020,0,0,0,0,0,0,0,0,0,0,99050,68218,0,0,0,0,78073,0,0,0,841047,0,0,0,0,0,0,0,0,0,0,0,12719,0,0,0
9/3/2020,3223,0,0,0,0,0,0,0,0,0,100375,0,0,0,0,0,79626,0,0,0,862012,0,0,0,0,0,0,0,0,0,0,0,13309,0,0,0
9/4/2020,3257,0,0,0,0,0,0,0,0,0,0,0,0,0,0,0,82105,0,0,0,882550,0,0,0,0,0,0,0,0,0,0,0,13833,0,0,0
9/5/2020,3292,0,0,0,0,0,0,0,0,0,103006,74272,0,0,0,0,84760,0,0,0,903120,0,0,0,0,0,0,0,0,0,0,0,0,0,0,0
9/6/2020,3332,0,0,0,0,0,0,0,0,0,104341,76549,0,0,0,0,87842,0,0,0,927278,0,0,0,0,0,0,0,0,0,0,0,15127,0,0,0
9/7/2020,3359,0,0,0,0,0,0,0,0,0,105671,0,0,0,0,0,89490,0,0,0,943664,0,0,0,0,0,0,0,0,0,0,0,15526,0,0,0
9/8/2020,3392,0,0,0,0,0,0,0,0,0,106966,0,0,0,0,0,92516,0,0,0,963955,0,0,0,0,0,0,0,0,0,0,0,16154,0,0,0
9/9/2020,3426,0,0,0,0,0,0,0,0,0,108295,0,0,0,0,0,95918,0,0,0,991214,0,0,0,0,0,0,0,0,0,0,0,16736,0,0,0
9/10/2020,3465,0,0,0,0,0,0,0,0,0,109627,0,0,0,0,0,99267,0,0,0,0,0,0,0,0,0,0,0,0,0,0,0,17271,0,0,0
9/11/2020,3494,0,0,0,0,0,0,0,0,0,110971,0,0,0,0,0,102255,0,0,0,1015681,0,0,0,0,0,0,0,0,0,0,0,17830,0,0,0
9/12/2020,3521,0,0,0,0,0,0,0,0,0,112336,0,0,0,0,0,105140,0,0,0,1037765,0,0,0,0,0,0,0,0,0,0,0,18300,0,0,0
9/13/2020,3546,0,0,0,0,0,0,0,0,0,113662,0,0,0,0,0,108279,0,0,0,1060308,0,0,0,0,0,0,0,0,0,0,0,18929,0,0,0
9/14/2020,3557,0,0,0,0,0,0,2763,0,0,114996,0,0,0,0,0,110819,0,0,0,1077374,0,0,0,0,0,0,0,0,0,0,0,19184,0,0,0
9/15/2020,3574,0,0,0,0,0,0,2783,0,0,116345,0,0,0,0,0,114034,0,0,0,1097856,0,0,0,0,0,0,0,0,0,0,0,19715,0,0,0
9/16/2020,3593,0,0,0,0,0,0,2810,0,0,117709,0,0,0,0,0,117864,0,0,0,1121221,0,0,0,0,0,0,0,0,0,0,0,20169,0,0,0
9/17/2020,3604,0,0,0,0,0,0,2831,0,0,119088,0,0,0,0,0,122215,0,0,0,1145840,0,0,0,0,0,23526,0,0,0,0,0,20696,0,0,0
9/18/2020,3631,0,0,0,0,0,0,2859,0,0,120498,0,0,0,0,0,126382,0,0,0,1167496,0,0,0,0,0,24016,0,0,0,0,0,20969,0,0,0
9/19/2020,3644,0,0,0,0,0,0,2887,0,0,121930,0,0,0,0,0,131027,0,0,0,1188015,0,0,0,0,0,24559,0,0,0,0,0,0,0,0,0
9/20/2020,3651,0,0,0,0,0,0,2924,0,0,123337,0,0,0,0,0,135723,0,0,0,1208642,0,0,0,0,0,25030,0,0,0,0,0,22029,0,0,0
9/21/2020,3673,0,0,0,0,0,0,2933,0,0,124767,0,0,0,0,0,138633,0,0,0,1224380,0,0,0,0,0,25303,0,0,0,0,0,22272,0,0,0
9/22/2020,3691,0,0,0,0,0,0,0,0,0,126169,0,0,0,0,0,142758,0,0,0,1242770,0,0,0,0,0,25796,0,0,0,0,0,22831,0,0,0
9/23/2020,3712,0,0,0,0,0,0,2962,0,0,127541,0,0,0,0,0,148134,0,0,0,1263799,0,0,0,0,0,26339,0,0,0,0,0,23335,0,0,0
9/24/2020,3744,0,0,0,0,0,0,2977,0,0,0,0,0,0,0,0,154458,0,0,0,1282963,0,0,0,0,0,27007,0,0,0,0,0,23786,0,0,0
9/25/2020,3759,0,0,0,0,0,0,0,0,0,130391,0,0,0,77709,0,160935,0,0,0,1300757,0,0,0,0,0,27615,0,0,0,0,0,24127,0,0,0
9/26/2020,3774,0,0,0,0,0,0,2996,0,0,131808,0,0,0,78935,0,167941,4093,0,0,1321176,0,0,0,0,0,28109,0,0,0,0,0,24405,0,0,0
9/27/2020,3794,0,0,0,0,0,0,3002,0,0,0,0,0,0,79909,0,175386,0,0,0,1339232,0,0,0,0,0,28481,0,0,0,0,0,24725,0,0,0
9/28/2020,3803,0,0,0,0,0,0,3012,0,0,134623,0,0,0,81417,0,179924,0,0,0,1351153,0,0,0,0,0,28773,0,0,0,0,0,24918,0,0,0
9/29/2020,3821,0,0,0,0,0,0,3032,0,0,136004,0,0,0,82540,0,187278,4195,0,0,1366129,0,0,0,0,0,29160,0,0,0,0,0,25350,0,0,0
9/30/2020,3835,0,0,0,0,0,0,3040,0,0,0,0,0,0,83651,0,196108,0,0,0,1384446,0,0,0,0,0,29651,0,0,0,0,0,25731,0,65,0
10/1/2020,3848,0,0,0,0,0,0,3054,0,0,0,0,0,0,0,0,204243,0,0,0,1400922,0,0,0,0,0,30140,0,0,0,0,0,26063,0,0,0
10/2/2020,3858,0,0,0,0,0,0,3063,0,0,0,0,0,0,85400,0,213501,4429,0,0,1416513,0,0,0,0,0,30654,0,0,0,0,0,26359,0,0,0
10/3/2020,3868,0,0,0,0,0,0,3070,0,0,0,0,0,0,86277,0,221335,0,0,0,1430861,0,0,0,0,0,30869,0,0,0,0,0,26549,0,0,0
10/4/2020,3884,0,0,0,0,0,0,3087,0,0,0,0,0,0,87210,0,229888,0,0,0,1443409,0,0,0,0,0,31222,0,0,0,0,0,26871,0,0,0
10/5/2020,3899,0,0,0,0,0,0,3092,0,0,0,0,0,0,88026,0,234930,0,0,0,1453653,0,0,0,0,0,31416,0,0,0,0,0,27030,0,0,0
10/6/2020,3912,0,0,0,0,0,0,3103,0,0,0,0,0,0,88873,0,242801,4720,0,0,1465911,0,0,0,0,0,31823,0,0,0,0,0,27305,0,0,0
10/7/2020,3935,0,0,0,0,0,0,3120,0,0,0,0,0,0,89702,0,253407,0,0,0,1480489,0,0,0,0,0,32310,0,0,0,0,0,27542,0,0,0
10/8/2020,3952,0,0,0,0,0,0,3132,0,0,0,0,0,0,90486,0,258852,0,0,0,1493884,0,0,0,0,0,32658,0,0,0,0,0,27756,0,0,0
10/9/2020,3976,0,0,0,0,0,0,3140,0,0,0,0,0,0,91254,0,268102,0,0,0,1506018,0,0,0,0,0,33029,0,0,0,0,0,27979,0,0,0
10/10/2020,3992,0,0,0,0,0,0,3152,0,0,0,0,0,0,91951,0,279857,0,0,0,1517434,0,0,0,0,0,0,0,0,0,0,0,28150,0,0,0
10/11/2020,4005,0,0,0,0,0,0,3163,0,0,0,0,0,0,0,0,289204,0,0,0,1528226,0,0,0,0,0,33686,0,0,0,0,0,28349,0,0,0
10/12/2020,4023,0,0,0,0,0,0,0,0,0,0,0,0,0,93035,0,295134,0,0,0,1535315,0,0,0,0,0,33875,124535,0,0,0,0,28458,0,0,0
10/13/2020,4036,0,0,0,0,0,0,3168,0,0,0,0,0,0,93736,0,303898,0,0,0,1543837,0,0,0,0,0,34143,0,0,0,0,0,28675,0,0,0
10/14/2020,4046,0,0,0,0,0,0,3171,0,0,0,0,0,0,94369,0,310142,0,0,0,1554389,0,0,0,0,0,34389,0,0,0,0,0,28856,0,0,0
10/15/2020,4062,0,0,0,0,0,0,3172,0,0,0,0,0,0,94952,0,317931,0,0,0,1564615,0,0,0,0,0,34634,0,0,0,0,0,29028,0,0,0
10/16/2020,4072,0,0,0,0,0,0,3177,0,0,0,0,0,0,95425,0,325214,0,0,0,1576062,0,0,0,0,0,34921,0,0,0,0,0,29190,0,0,0
10/17/2020,4083,0,0,0,0,0,0,3180,0,0,0,0,0,0,95967,0,334230,0,0,0,1586321,0,0,0,0,0,35133,0,0,0,0,0,29324,0,0,0
10/18/2020,4108,0,0,0,0,0,0,3183,0,0,0,0,0,0,96352,0,341861,0,0,0,1595381,0,0,0,0,0,35310,0,0,0,0,0,29465,0,0,0
10/19/2020,4126,0,0,0,0,0,0,3185,0,0,0,0,0,0,96842,0,346883,0,0,0,0,0,0,0,0,0,35418,0,0,0,0,0,0,0,0,0
10/20/2020,4141,0,0,0,0,0,0,3194,0,0,0,0,0,0,97414,0,353474,0,0,0,1609516,0,0,0,0,0,35624,0,0,0,0,0,29685,0,0,0
10/21/2020,4168,0,0,0,0,0,0,0,0,0,0,0,0,0,98061,0,361843,0,0,0,0,0,0,0,0,0,35799,0,0,0,0,0,29797,0,0,0
10/22/2020,4184,0,0,0,0,0,0,0,0,0,0,0,0,0,98610,0,369325,0,0,0,0,0,0,0,0,0,36011,0,0,0,0,0,29922,0,0,0
10/23/2020,4207,0,0,0,0,0,0,0,0,0,0,0,0,0,99045,0,377836,0,0,0,1632544,0,0,0,0,0,36169,0,0,0,0,0,30067,0,0,0
10/24/2020,4225,0,0,0,0,0,0,0,0,0,0,0,0,0,99428,0,386089,0,0,0,1638961,0,0,0,0,0,36297,0,0,0,0,0,30132,0,0,0
10/25/2020,4245,0,0,0,0,0,0,0,0,0,0,0,0,0,99686,0,392932,0,0,0,0,0,0,0,0,0,36380,0,0,0,0,0,30218,0,0,0
10/26/2020,4253,0,0,0,0,0,0,0,0,0,0,0,0,0,99906,0,397219,0,0,0,0,0,0,0,0,0,36524,0,0,0,0,0,0,0,0,0
10/27/2020,4274,0,0,0,0,0,0,0,0,0,0,0,0,0,100224,0,402676,0,0,0,0,0,0,0,0,0,36671,0,0,0,0,0,30290,0,0,0
10/28/2020,4289,0,0,0,0,0,0,0,0,0,0,0,0,0,100569,0,411466,0,0,0,0,0,0,0,0,0,36773,0,0,0,0,0,30450,0,0,0
10/29/2020,4305,0,0,0,0,0,0,0,0,0,0,0,0,0,100964,0,418486,0,0,0,0,0,0,0,0,0,36954,0,0,0,0,0,30563,0,0,0
10/30/2020,4317,0,0,0,0,0,0,0,0,0,0,0,0,0,101287,0,425124,0,0,0,0,0,0,0,0,0,37103,0,0,0,0,0,30660,0,0,0
10/31/2020,4332,0,0,0,0,0,0,0,0,0,0,0,0,0,101761,0,433107,0,0,0,0,0,0,0,0,0,37208,0,0,0,0,0,30714,0,0,0
11/1/2020,4340,0,0,0,0,0,0,0,0,0,0,0,0,0,102087,0,440132,0,0,0,0,0,0,0,0,0,37304,0,0,0,0,0,30791,0,0,0
11/2/2020,4352,0,0,0,0,0,0,0,0,0,0,0,0,0,102490,0,444270,0,0,0,0,0,0,0,0,0,37374,0,0,0,0,0,30849,0,0,0
11/3/2020,4372,0,0,0,0,0,0,0,0,0,0,0,0,0,102887,0,451132,0,0,0,0,0,0,0,0,0,37523,0,0,0,0,0,0,0,0,0
11/4/2020,4389,0,0,0,0,0,0,0,0,0,0,0,0,0,103188,0,459648,0,0,0,0,0,0,0,0,0,37631,0,0,0,0,0,0,0,0,0
11/5/2020,4403,0,0,0,0,0,0,0,0,0,0,0,0,0,103543,0,466468,0,0,0,0,0,0,0,0,0,39772,0,0,0,0,0,31234,0,0,0
11/6/2020,4420,0,0,0,0,0,0,0,0,0,0,0,0,0,103899,0,473470,0,0,0,0,0,0,0,0,0,39898,0,0,0,0,0,31344,0,0,0
11/7/2020,4441,0,0,0,0,0,0,0,0,0,0,0,0,0,104239,0,480671,0,0,0,0,0,0,0,0,0,39971,0,0,0,0,0,31431,0,0,0
11/8/2020,4450,0,0,0,0,0,0,0,0,0,0,0,0,0,104442,0,486111,0,0,0,0,0,0,0,0,0,40066,0,0,0,0,0,31514,0,0,0
11/9/2020,4463,0,0,0,0,0,0,0,0,0,0,0,0,0,104688,0,489704,0,0,0,0,0,0,0,0,0,40129,0,0,0,0,0,31540,0,0,0
11/10/2020,4477,0,0,0,0,0,0,0,0,0,0,0,0,0,104940,0,495714,0,0,0,0,0,0,0,0,0,40231,0,0,0,0,0,31619,0,0,0
11/11/2020,4494,0,0,0,0,0,0,0,0,0,0,0,0,0,105224,0,502721,0,0,0,0,0,0,0,0,0,40346,0,0,0,0,0,31703,0,0,0
11/12/2020,4507,0,0,0,0,0,0,0,0,0,0,0,0,0,105493,0,508258,0,0,0,0,0,0,0,0,0,40412,0,0,0,0,0,31762,0,0,0
11/13/2020,4518,0,0,0,0,0,0,0,0,0,0,0,0,0,105781,0,514062,0,0,0,0,0,0,0,0,0,40487,0,0,0,0,0,31838,0,0,0
11/14/2020,4527,0,0,0,0,0,0,0,0,0,0,0,0,0,105935,0,520419,0,0,0,0,0,0,0,0,0,40535,0,0,0,0,0,0,0,0,0
11/15/2020,4536,0,0,0,0,0,0,0,0,0,0,0,0,0,106064,0,525000,0,0,0,0,0,0,0,0,0,40560,0,0,0,0,0,31942,0,0,0
11/16/2020,4557,0,0,0,0,0,0,0,0,0,0,0,0,0,106230,0,527710,0,0,0,0,0,0,0,0,0,40573,0,0,0,0,0,31959,0,0,0
11/17/2020,4574,0,0,0,0,0,0,0,0,0,0,0,0,0,106491,0,533502,0,0,0,0,0,0,0,0,0,40645,0,0,0,0,0,32036,0,0,0
11/18/2020,4593,0,0,0,0,0,0,0,0,0,0,0,0,0,106742,0,539921,0,0,0,0,0,0,0,0,0,40701,0,0,0,0,0,32109,0,0,0
11/19/2020,4604,0,0,0,0,0,0,0,0,0,0,0,0,0,106972,0,545643,0,0,0,0,0,0,0,0,0,40770,0,0,0,0,0,32214,0,0,0
11/20/2020,4617,0,0,0,0,0,0,0,0,0,0,0,0,0,107157,0,551671,0,0,0,0,0,0,0,0,0,40824,0,0,0,0,0,32289,0,0,0
11/21/2020,4631,0,0,0,0,0,0,0,0,0,0,0,0,0,107332,0,557443,0,0,0,0,0,0,0,0,0,40889,0,0,0,0,0,32364,0,0,0
11/22/2020,4641,0,0,0,0,0,0,0,0,0,0,0,0,0,107469,0,562697,0,0,0,0,0,0,0,0,0,40935,0,0,0,0,0,32412,0,0,0
11/23/2020,4656,0,0,0,0,0,0,0,0,0,0,0,0,0,0,0,566454,0,0,0,0,0,0,0,0,0,0,0,0,0,0,0,32431,0,0,0
11/24/2020,4667,0,0,0,0,0,0,0,0,0,0,0,0,0,107921,0,571874,0,0,0,0,0,0,0,0,0,41014,0,0,0,0,0,32490,0,0,0
11/25/2020,4677,0,0,0,0,0,0,0,0,0,0,0,0,0,108158,0,578365,0,0,0,0,0,0,0,0,0,41065,0,0,0,0,0,32525,0,0,0
11/26/2020,4682,0,0,0,0,0,0,0,0,0,0,0,0,0,108388,0,583743,0,0,0,0,0,0,0,0,0,41086,0,0,0,0,0,32575,0,0,0
11/27/2020,4689,0,0,0,0,0,0,0,0,0,0,0,0,0,108577,0,587709,0,0,0,0,0,0,0,0,0,41102,0,0,0,0,0,32607,0,0,0
11/28/2020,4698,0,0,0,0,0,0,0,0,0,0,0,0,0,108786,0,593959,0,0,0,0,0,0,0,0,0,41148,0,0,0,0,0,32638,0,0,0
11/29/2020,4704,0,0,0,0,0,0,0,0,0,0,0,0,0,108984,0,599602,0,0,0,0,0,0,0,0,0,41181,0,0,0,0,0,0,0,0,0
11/30/2020,4710,0,0,0,0,0,0,0,0,0,0,0,0,0,109151,0,602984,0,0,0,0,0,0,0,0,0,41214,0,0,0,0,0,32692,0,0,0
12/1/2020,4718,0,0,0,0,0,0,0,0,0,0,0,0,0,0,0,608359,0,0,0,0,0,0,0,0,0,41267,0,0,0,0,0,32723,0,0,0
12/2/2020,4723,0,0,0,0,0,0,0,0,0,0,0,0,0,109538,0,614675,0,0,0,0,0,0,0,0,0,41327,0,0,0,0,0,32761,0,0,0
12/3/2020,4729,0,0,0,0,0,0,0,0,0,0,0,0,0,109771,0,620051,0,0,0,0,0,0,0,0,0,0,0,0,0,0,0,32800,0,0,0
12/4/2020,4742,0,0,0,0,0,0,0,0,0,0,0,0,0,109990,0,625769,0,0,0,0,0,0,0,0,0,41415,0,0,0,0,0,32833,0,0,0
12/5/2020,4747,0,0,0,0,0,0,0,0,0,0,0,0,0,110186,0,631617,0,0,0,0,0,0,0,0,0,41459,0,0,0,0,0,32857,0,0,0
12/6/2020,4758,0,0,0,0,0,0,0,0,0,0,0,0,0,110278,0,636394,0,0,0,0,0,0,0,0,0,41494,0,0,0,0,0,32888,0,0,0
12/7/2020,4773,0,0,0,0,0,0,0,0,0,0,0,0,0,110457,0,639666,0,0,0,0,0,0,0,0,0,41520,0,0,0,0,0,32894,0,0,0
12/8/2020,4778,0,0,0,0,0,0,0,0,0,0,0,0,0,110639,0,644698,0,0,0,0,0,0,0,0,0,41562,0,0,0,0,0,32922,0,0,0
12/9/2020,4783,0,0,0,0,0,0,0,0,0,0,0,0,0,110830,0,649573,0,0,0,0,0,0,0,0,0,41580,0,0,0,0,0,32942,0,0,0
12/10/2020,4791,0,0,0,0,0,0,0,0,0,0,0,0,0,111003,0,654043,0,0,0,0,0,0,0,0,0,41604,0,0,0,0,0,32973,0,0,0
12/11/2020,4798,0,0,0,0,0,0,0,0,0,0,0,0,0,111177,0,658685,0,0,0,0,0,0,0,0,0,41647,0,0,0,0,0,0,0,0,0
12/12/2020,4805,0,0,0,0,0,0,0,0,0,0,0,0,0,111366,0,664634,0,0,0,0,0,0,0,0,0,41668,0,0,0,0,0,0,0,0,0
12/13/2020,4818,0,0,0,0,0,0,0,0,0,0,0,0,0,111510,0,669332,0,0,0,0,0,0,0,0,0,41717,0,0,0,0,0,0,0,0,0
12/14/2020,4834,0,0,0,0,0,0,0,0,0,0,0,0,0,111722,0,672039,0,0,0,0,0,0,0,0,0,41738,0,0,0,0,0,0,0,0,0
12/15/2020,4842,0,0,0,0,0,0,0,0,0,0,0,0,0,111931,0,677257,0,0,0,0,0,0,0,0,0,41776,0,0,0,0,0,33054,0,0,0
12/16/2020,4850,0,0,0,0,0,0,0,0,0,0,0,0,0,112121,0,683442,0,0,0,0,0,0,0,0,0,41886,0,0,0,0,0,33078,0,0,0
12/17/2020,4860,0,0,0,0,0,0,0,0,0,0,0,0,0,112332,0,688411,0,0,0,0,0,0,0,0,0,41886,0,0,0,0,0,33095,0,0,0
12/18/2020,4869,0,0,0,0,0,0,0,0,0,0,0,0,0,112606,0,693867,0,0,0,0,0,0,0,0,0,41937,0,0,0,0,0,33116,0,0,0
12/19/2020,4875,0,0,0,0,0,0,0,0,0,0,0,0,0,112853,0,700160,0,0,0,0,0,0,0,0,0,41982,0,0,0,0,0,33142,0,0,0
12/20/2020,4881,0,0,0,0,0,0,0,0,0,0,0,0,0,113025,0,705871,0,0,0,0,0,0,0,0,0,42018,0,0,0,0,0,33164,0,0,0
12/21/2020,4888,0,0,0,0,0,0,0,0,0,0,0,0,0,113198,0,709294,0,0,0,0,0,0,0,0,0,42032,0,0,0,0,0,33172,0,0,0
12/22/2020,4893,0,0,0,0,0,0,0,0,0,0,0,0,0,113407,0,715343,0,0,0,0,0,0,0,0,0,42081,0,0,0,0,0,33185,0,0,0
12/23/2020,4896,0,0,0,0,0,0,0,0,0,0,0,0,0,113609,0,721512,0,0,0,0,0,0,0,0,0,42115,0,0,0,0,0,33200,0,0,0
12/24/2020,4901,0,0,0,0,0,0,0,0,0,0,0,0,0,113786,0,726689,0,0,0,0,0,0,0,0,0,42155,0,0,0,0,0,33213,0,0,0
12/25/2020,4912,0,0,0,0,0,0,0,0,0,0,0,0,0,113954,0,732086,0,0,0,0,0,0,0,0,0,42184,0,0,0,0,0,33222,0,0,0
12/26/2020,4912,0,0,0,0,0,0,0,0,0,0,0,0,0,114146,0,735613,0,0,0,0,0,0,0,0,0,42217,0,0,0,0,0,33223,0,0,0
12/27/2020,4924,0,0,0,0,0,0,0,0,0,0,0,0,0,114268,0,740518,0,0,0,0,0,0,0,0,0,42265,0,0,0,0,0,33234,0,0,0
12/28/2020,4929,0,0,0,0,0,0,0,0,0,0,0,0,0,114428,0,743565,0,0,0,0,0,0,0,0,0,42298,0,0,0,0,0,33241,0,0,0
12/29/2020,4936,0,0,0,0,0,0,0,0,0,0,0,0,0,114650,0,749452,0,0,0,0,0,0,0,0,0,42340,0,0,0,0,0,33243,0,0,0
12/30/2020,4941,0,0,0,0,0,0,0,0,0,0,0,0,0,114873,0,755720,0,0,0,0,0,0,0,0,0,42366,0,0,0,0,0,33255,0,0,0
12/31/2020,4945,0,0,0,0,0,0,0,0,0,0,0,0,0,115113,0,760935,0,0,0,0,0,0,0,0,0,42402,0,0,0,0,0,33261,0,0,0
1/1/2021,4946,0,0,0,0,0,0,0,0,0,0,0,0,0,115241,0,765926,0,0,0,0,0,0,0,0,0,42434,0,0,0,0,0,33265,0,0,0
1/2/2021,4947,0,0,0,0,0,0,0,0,0,0,0,0,0,115392,0,771254,0,0,0,0,0,0,0,0,0,42444,0,0,0,0,0,0,0,0,0
1/3/2021,4948,0,0,0,0,0,0,0,0,0,0,0,0,0,115529,0,775854,0,0,0,0,0,0,0,0,0,42494,0,0,0,0,0,0,0,0,0
1/4/2021,4948,0,0,0,0,0,0,0,0,0,0,0,0,0,115689,0,778875,0,0,0,0,0,0,0,0,0,42523,0,0,0,0,0,33280,0,0,0
1/5/2021,4949,0,0,0,0,0,0,0,0,0,0,0,0,0,115840,0,784490,0,0,0,0,0,0,0,0,0,42570,0,0,0,0,0,33281,0,0,0
1/6/2021,4949,0,0,0,0,0,0,0,0,0,0,0,0,0,116034,0,790884,0,0,0,0,0,0,0,0,0,42604,0,0,0,0,0,33283,0,0,0
1/7/2021,4958,0,0,0,0,0,0,0,0,0,0,0,0,0,116269,0,795935,0,0,0,0,0,0,0,0,0,42639,0,0,0,0,0,33291,0,0,0
1/8/2021,4959,0,0,0,0,0,0,0,0,0,0,0,0,0,116436,0,801077,0,0,0,0,0,0,0,0,0,42659,0,0,0,0,0,33296,0,0,0
1/9/2021,4959,0,0,0,0,0,0,0,0,0,0,0,0,0,116672,0,806605,0,0,0,0,0,0,0,0,0,42695,0,0,0,0,0,0,0,0,0
1/10/2021,4960,0,0,0,0,0,0,0,0,0,0,0,0,0,116817,0,811150,0,0,0,0,0,0,0,0,0,42725,0,0,0,0,0,33304,0,0,0
1/11/2021,4963,0,0,0,0,0,0,0,0,0,0,0,0,0,116961,0,814260,0,0,0,0,0,0,0,0,0,42747,0,0,0,0,0,33304,0,0,0
1/12/2021,4966,0,0,0,0,0,0,0,0,0,0,0,0,0,117088,0,819767,0,0,0,0,0,0,0,0,0,42765,0,0,0,0,0,33306,0,0,0
1/13/2021,4969,0,0,0,0,0,0,0,0,0,0,0,0,0,117240,0,825771,0,0,0,0,0,0,0,0,0,42794,0,0,0,0,0,33312,0,0,0
1/14/2021,4976,0,0,0,0,0,0,0,0,0,0,0,0,0,117384,0,831261,0,0,0,0,0,0,0,0,0,42837,0,0,0,0,0,33317,0,0,0
1/15/2021,4979,0,0,0,0,0,0,0,0,0,0,0,0,0,117480,0,836885,0,0,0,0,0,0,0,0,0,42865,0,0,0,0,0,33322,0,0,0
1/16/2021,4982,0,0,0,0,0,0,0,0,0,0,0,0,0,117599,0,842845,0,0,0,0,0,0,0,0,0,42881,0,0,0,0,0,33326,0,0,0
1/17/2021,4983,0,0,0,0,0,0,0,0,0,0,0,0,0,117686,0,847850,0,0,0,0,0,0,0,0,0,42916,0,0,0,0,0,0,0,0,0
1/18/2021,4988,0,0,0,0,0,0,0,0,0,0,0,0,0,117786,0,851196,0,0,0,0,0,0,0,0,0,42939,0,0,0,0,0,33329,0,0,0
1/19/2021,4989,0,0,0,0,0,0,0,0,0,0,0,0,0,117887,0,857382,0,0,0,0,0,0,0,0,0,42976,0,0,0,0,0,33332,0,0,0
1/20/2021,4991,0,0,0,0,0,0,0,0,0,0,0,0,0,0,0,864197,0,0,0,0,0,0,0,0,0,43007,0,0,0,0,0,0,0,0,0
1/21/2021,4991,0,0,0,0,0,0,0,0,0,0,0,0,0,118079,0,870531,0,0,0,0,0,0,0,0,0,43042,0,0,0,0,0,33335,0,0,0
1/22/2021,4992,0,0,0,0,0,0,0,0,0,0,0,0,0,118154,0,877284,0,0,0,0,0,0,0,0,0,43064,0,0,0,0,0,33339,0,0,0
1/23/2021,4993,0,0,0,0,0,0,0,0,0,0,0,0,0,118232,0,884244,0,0,0,0,0,0,0,0,0,0,0,0,0,0,0,33341,0,0,0
1/24/2021,4993,0,0,0,0,0,0,0,0,0,0,0,0,0,118286,0,890280,0,0,0,0,0,0,0,0,0,0,0,0,0,0,0,0,0,0,0
1/25/2021,4994,0,0,0,0,0,0,0,0,0,0,0,0,0,118360,0,893641,0,0,0,0,0,0,0,0,0,43145,0,0,0,0,0,33342,0,0,0
1/26/2021,4994,0,0,0,0,0,0,0,0,0,0,0,0,0,0,0,899934,0,0,0,0,0,0,0,0,0,0,0,0,0,0,0,33343,0,0,0
1/27/2021,4994,0,0,0,0,0,0,0,0,0,0,0,0,0,118495,0,905593,0,0,0,0,0,0,0,0,0,0,0,0,0,0,0,33343,0,0,0
1/28/2021,4994,0,0,0,0,0,0,0,0,0,0,0,0,0,118557,0,911364,0,0,0,0,0,0,0,0,0,0,0,0,0,0,0,33343,0,0,0
1/29/2021,4994,0,0,0,0,0,0,0,0,0,0,0,0,0,118602,0,917632,0,0,0,0,0,0,0,0,0,0,0,0,0,0,0,33345,0,0,0
1/30/2021,4994,0,0,0,0,0,0,0,0,0,0,0,0,0,0,0,923914,0,0,0,0,0,0,0,0,0,0,0,0,0,0,0,33347,0,0,0
1/31/2021,4994,0,0,0,0,0,0,0,0,0,0,0,0,0,0,0,929180,0,0,0,0,0,0,0,0,0,0,0,0,0,0,0,0,0,0,0
2/1/2021,4994,0,0,0,0,0,0,0,0,0,0,0,0,0,118734,0,932639,0,0,0,0,0,0,0,0,0,0,0,0,0,0,0,33348,0,0,0
2/2/2021,4994,0,0,0,0,0,0,0,0,0,0,0,0,0,118793,0,0,0,0,0,0,0,0,0,0,0,43390,0,0,0,0,0,33348,0,0,0
2/3/2021,4994,0,0,0,0,0,0,0,0,0,0,0,0,0,118839,0,0,0,0,0,0,0,0,0,0,0,43413,0,0,0,0,0,0,0,0,0
2/4/2021,4994,0,0,0,0,0,0,0,0,0,0,0,0,0,118897,0,0,0,0,0,0,0,0,0,0,0,43452,0,0,0,0,0,33348,0,0,0
2/5/2021,4997,0,0,0,0,0,0,0,0,0,0,0,0,0,118938,0,0,0,0,0,0,0,0,0,0,0,43502,0,0,0,0,0,33349,0,0,0
2/6/2021,5000,0,0,0,0,0,0,0,0,0,0,0,0,0,118979,0,0,0,0,0,0,0,0,0,0,0,43537,0,0,0,0,0,33349,0,0,0
2/7/2021,5001,0,0,0,0,0,0,0,0,0,0,0,0,0,119017,0,0,0,0,0,0,0,0,0,0,0,43559,0,0,0,0,0,0,0,0,0
2/8/2021,5005,0,0,0,0,0,0,0,0,0,0,0,0,0,119055,0,0,0,0,0,0,0,0,0,0,0,43585,0,0,0,0,0,33349,0,0,0
2/9/2021,5007,0,0,0,0,0,0,0,0,0,0,0,0,0,119116,0,0,0,0,0,0,0,0,0,0,0,43620,0,0,0,0,0,33350,0,0,0
2/10/2021,5007,0,0,0,0,0,0,0,0,0,0,0,0,0,119161,0,0,0,0,0,0,0,0,0,0,0,43639,0,0,0,0,0,33350,0,0,0
2/11/2021,5007,0,0,0,0,0,0,0,0,0,0,0,0,0,119206,0,0,0,0,0,0,0,0,0,0,0,43664,0,0,0,0,0,33350,0,0,0
2/12/2021,5007,0,0,0,0,0,0,0,0,0,0,0,0,0,119242,0,0,0,0,0,0,0,0,0,0,0,43683,0,0,0,0,0,33350,0,0,0
2/13/2021,5009,0,0,0,0,0,0,0,0,0,0,0,0,0,119283,0,0,0,0,0,0,0,0,0,0,0,43683,0,0,0,0,0,33350,0,0,0
2/14/2021,5009,0,0,0,0,0,0,0,0,0,0,0,0,0,119316,0,0,0,0,0,0,0,0,0,0,0,43691,0,0,0,0,0,33350,0,0,0
2/15/2021,5009,0,0,0,0,0,0,0,0,0,0,0,0,0,119354,0,0,0,0,0,0,0,0,0,0,0,43711,0,0,0,0,0,33350,0,0,0
2/16/2021,5013,0,0,0,0,0,0,0,0,0,0,0,0,0,119394,0,0,0,0,0,0,0,0,0,0,0,43731,0,0,0,0,0,0,0,0,0
2/17/2021,5014,0,0,0,0,0,0,0,0,0,0,0,0,0,119439,0,0,0,0,0,0,0,0,0,0,0,43749,0,0,0,0,0,33352,0,0,0
2/18/2021,5014,0,0,0,0,0,0,0,0,0,0,0,0,0,119477,0,0,0,0,0,0,0,0,0,0,0,43769,0,0,0,0,0,33354,0,0,0
2/19/2021,5014,0,0,0,0,0,0,0,0,0,0,0,0,0,119528,0,0,0,0,0,0,0,0,0,0,0,43783,0,0,0,0,0,33389,0,0,0
2/20/2021,5014,0,0,0,0,0,0,0,0,0,0,0,0,0,119565,0,0,0,0,0,0,0,0,0,0,0,43812,0,0,0,0,0,33391,0,0,0
2/21/2021,5014,0,0,0,0,0,0,0,0,0,0,0,0,0,119596,0,0,0,0,0,0,0,0,0,0,0,43835,0,0,0,0,0,0,0,0,0
2/22/2021,5015,0,0,0,0,0,0,0,0,0,0,0,0,0,119637,0,0,0,0,0,0,0,0,0,0,0,43840,0,0,0,0,0,33391,0,0,0
2/23/2021,5016,0,0,0,0,0,0,0,0,0,0,0,0,0,119687,0,0,0,0,0,0,0,0,0,0,0,43871,0,0,0,0,0,32939,0,0,0
2/24/2021,5016,0,0,0,0,0,0,0,0,0,0,0,0,0,119719,0,0,0,0,0,0,0,0,0,0,0,43899,0,0,0,0,0,33397,0,0,0
2/25/2021,5016,0,0,0,0,0,0,0,0,0,0,0,0,0,119795,0,0,0,0,0,0,0,0,0,0,0,43920,0,0,0,0,0,33397,0,0,0
2/26/2021,5017,0,0,0,0,0,0,0,0,0,0,0,0,0,119863,0,0,0,0,0,0,0,0,0,0,0,0,0,0,0,0,0,33404,0,0,0
2/27/2021,5018,0,0,0,0,0,0,0,0,0,0,0,0,0,119905,0,0,0,0,0,0,0,0,0,0,0,43960,0,0,0,0,0,0,0,0,0
2/28/2021,5020,0,0,0,0,0,0,0,0,0,0,0,0,0,119949,0,0,0,0,0,0,0,0,0,0,0,43968,0,0,0,0,0,0,0,0,0
3/1/2021,5020,0,0,0,0,0,0,0,0,0,0,0,0,0,119986,0,0,0,0,0,0,0,0,0,0,0,43977,0,0,0,0,0,33414,0,0,0
3/2/2021,5020,0,0,0,0,0,0,0,0,0,0,0,0,0,120037,0,0,0,0,0,0,0,0,0,0,0,44006,0,0,0,0,0,0,0,0,0
3/3/2021,5022,0,0,0,0,0,0,0,0,0,0,0,0,0,120068,0,0,0,0,0,0,0,0,0,0,0,44020,0,0,0,0,0,33417,0,0,0
3/4/2021,5024,0,0,0,0,0,0,0,0,0,0,0,0,0,120129,0,0,0,0,0,0,0,0,0,0,0,44037,0,0,0,0,0,33419,0,0,0
3/5/2021,5024,0,0,0,0,0,0,0,0,0,0,0,0,0,120173,0,0,0,0,0,0,0,0,0,0,0,0,0,0,0,0,0,0,0,0,0
3/6/2021,5024,0,0,0,0,0,0,0,0,0,0,0,0,0,120217,0,0,0,0,0,0,0,0,0,0,0,0,0,0,0,0,0,33421,0,0,0
3/7/2021,0,0,0,0,0,0,0,0,0,0,0,0,0,0,120259,0,0,0,0,0,0,0,0,0,0,0,0,0,0,0,0,0,0,0,0,0
3/8/2021,5026,0,0,0,0,0,0,0,0,0,0,0,0,0,120312,0,0,0,0,0,0,0,0,0,0,0,0,0,0,0,0,0,33421,0,0,0
3/9/2021,5028,0,0,0,0,0,0,0,0,0,0,0,0,0,120374,0,0,0,0,0,0,0,0,0,0,0,0,0,0,0,0,0,0,0,0,0
3/10/2021,5028,0,0,0,0,0,0,0,0,0,0,0,0,0,120436,0,0,0,0,0,0,0,0,0,0,0,0,0,0,0,0,0,0,0,0,0
3/11/2021,5028,0,0,0,0,0,0,0,0,0,0,0,0,0,120467,0,0,0,0,0,0,0,0,0,0,0,0,0,0,0,0,0,33422,0,0,0
3/12/2021,5029,0,0,0,0,0,0,0,0,0,0,0,0,0,120524,0,0,0,0,0,0,0,0,0,0,0,0,0,0,0,0,0,0,0,0,0
3/13/2021,5030,0,0,0,0,0,0,0,0,0,0,0,0,0,120567,0,0,0,0,0,0,0,0,0,0,0,0,0,0,0,0,0,33424,0,0,0
3/14/2021,5031,0,0,0,0,0,0,0,0,0,0,275137,0,0,120628,0,0,0,0,0,0,0,0,0,0,0,0,0,0,0,0,0,33426,0,0,0
3/15/2021,5031,0,0,0,0,0,0,0,0,0,0,0,0,0,120695,0,0,0,0,0,0,0,0,0,0,0,0,0,0,0,0,0,0,0,0,0
3/16/2021,5032,0,0,0,0,0,0,0,0,0,0,0,0,0,120771,0,0,0,0,0,0,0,0,0,0,0,0,0,0,0,0,0,0,0,0,0
3/17/2021,5035,0,0,0,0,0,0,0,0,0,0,0,0,0,120853,0,0,0,0,0,0,0,0,0,0,0,0,0,0,0,0,0,33438,0,0,0
3/18/2021,5036,0,0,0,0,0,0,0,0,0,0,0,0,0,120950,0,0,0,0,0,0,0,0,0,0,0,0,0,0,0,0,0,33441,0,0,0
3/19/2021,5038,0,0,0,0,0,0,0,0,0,0,0,0,0,121055,0,0,0,0,0,0,0,0,0,0,0,0,0,0,0,0,0,33451,0,0,0
3/20/2021,5038,0,0,0,0,0,0,0,0,0,0,0,0,0,121178,0,0,0,0,0,0,0,0,0,0,0,0,0,0,0,0,0,33456,0,0,0
3/21/2021,5039,0,0,0,0,0,0,0,0,0,0,0,0,0,121261,0,0,0,0,0,0,0,0,0,0,0,0,0,0,0,0,0,33461,0,0,0
3/22/2021,5039,0,0,0,0,0,0,0,0,0,0,0,0,0,121371,0,0,0,0,0,0,0,0,0,0,0,0,0,0,0,0,0,33461,0,0,0
3/23/2021,5039,0,0,0,0,0,0,0,0,0,0,0,0,0,121501,0,0,0,0,0,0,0,0,0,0,0,0,0,0,0,0,0,33467,0,0,0
3/24/2021,5041,0,0,0,0,0,0,0,0,0,0,0,0,0,121695,0,0,0,0,0,0,0,0,0,0,0,0,0,0,0,0,0,33476,0,0,0
3/25/2021,5042,0,0,0,0,0,0,0,0,0,0,0,0,0,121973,0,0,0,0,0,0,0,0,0,0,0,0,0,0,0,0,0,33477,0,0,0
3/26/2021,5043,0,0,0,0,0,0,0,0,0,0,0,0,0,122281,0,0,0,0,0,0,0,0,0,0,0,0,0,0,0,0,0,0,0,0,0
3/27/2021,5044,0,0,0,0,0,0,0,0,0,0,0,0,0,122621,0,0,0,0,0,0,0,0,0,0,0,0,0,0,0,0,0,33487,0,0,0
3/28/2021,5046,0,0,0,0,0,0,0,0,0,0,0,0,0,122935,0,0,0,0,0,0,0,0,0,0,0,0,0,0,0,0,0,0,0,0,0
3/29/2021,5052,0,0,0,0,0,0,0,0,0,0,0,0,0,123090,0,0,0,0,0,0,0,0,0,0,0,0,0,0,0,0,0,0,0,0,0
3/30/2021,5081,0,0,0,0,0,0,0,0,0,0,0,0,0,123508,0,0,0,0,0,0,0,0,0,0,0,0,0,0,0,0,0,33490,0,0,0
3/31/2021,5083,0,0,0,0,0,0,0,0,0,0,0,0,0,124201,0,0,0,0,0,0,0,0,0,0,0,0,0,0,0,0,0,0,0,0,0
4/1/2021,5084,0,0,0,0,0,0,0,0,0,0,0,0,0,124891,0,0,0,0,0,0,0,0,0,0,0,0,0,0,0,0,0,33514,0,0,0
4/2/2021,5084,0,0,0,0,0,0,0,0,0,0,0,0,0,125585,0,0,0,0,0,0,0,0,0,0,0,0,0,0,0,0,0,33518,0,0,0
4/3/2021,5098,0,0,0,0,0,0,0,0,0,0,0,0,0,126458,0,0,0,0,0,0,0,0,0,0,0,0,0,0,0,0,0,33520,0,0,0
4/4/2021,5109,0,0,0,0,0,0,0,0,0,0,0,0,0,127246,0,0,0,0,0,0,0,0,0,0,0,0,0,0,0,0,0,33534,0,0,0
4/5/2021,5116,0,0,0,0,0,0,0,0,0,0,0,0,0,128332,0,0,0,0,0,0,0,0,0,0,0,0,0,0,0,0,0,33537,0,0,0
4/6/2021,5123,0,0,0,0,0,0,0,0,0,0,0,0,0,129596,0,0,0,0,0,0,0,0,0,0,0,0,0,0,0,0,0,33551,0,0,0
4/7/2021,5131,0,0,0,0,0,0,0,0,0,0,0,0,0,130908,0,0,0,0,0,0,0,0,0,0,0,0,0,0,0,0,0,33572,0,0,0
4/8/2021,5149,0,0,0,0,0,0,0,0,0,0,0,0,0,132790,0,0,0,0,0,0,0,0,0,0,0,0,0,0,0,0,0,33609,0,0,0
4/9/2021,5161,0,0,0,0,0,0,0,0,0,0,0,0,0,134715,0,0,0,0,0,0,0,0,0,0,0,0,0,0,0,0,0,33641,0,0,0
4/10/2021,5175,0,0,0,0,0,0,0,0,0,0,0,0,0,137088,0,0,0,0,0,0,0,0,0,0,0,0,0,0,0,0,0,33682,0,0,0
4/11/2021,5190,0,0,0,0,0,0,0,0,0,0,0,0,0,139384,0,0,0,0,0,0,0,0,0,0,0,0,0,0,0,0,0,33730,0,0,0
4/12/2021,5201,0,0,0,0,0,0,0,0,0,0,0,0,0,141750,0,0,0,0,0,0,0,0,0,0,0,0,0,0,0,0,0,33740,0,0,0
4/13/2021,5209,0,0,0,0,0,0,0,0,0,0,0,0,0,144594,0,0,0,0,0,0,0,0,0,0,0,0,0,0,0,0,0,33802,0,0,0
4/14/2021,5247,0,0,0,0,0,0,0,0,0,0,0,0,0,147792,0,0,0,0,0,0,0,0,0,0,0,0,0,0,0,0,0,33841,0,0,0
4/15/2021,5262,0,0,0,0,0,0,0,0,0,0,0,0,0,151272,0,0,0,0,0,0,0,0,0,0,0,0,0,0,0,0,0,0,0,0,0
4/16/2021,5289,0,0,0,0,0,0,0,0,0,0,0,0,0,155115,0,0,0,0,0,0,0,0,0,0,0,0,0,0,0,0,0,33872,0,0,0
4/17/2021,5331,0,0,0,0,0,0,0,0,0,0,0,0,0,158953,0,0,0,0,0,0,0,0,0,0,0,0,0,0,0,0,0,33930,0,0,0
4/18/2021,5390,0,0,0,0,0,0,0,0,0,0,0,0,0,162945,0,0,0,0,0,0,0,0,0,0,0,0,0,0,0,0,0,33999,0,0,0
4/19/2021,5421,0,0,0,0,0,0,0,0,0,0,0,0,0,167235,0,0,0,0,0,0,0,0,0,0,0,0,0,0,0,0,0,34031,0,0,0
4/20/2021,5466,0,0,0,0,0,0,0,0,0,0,0,0,0,172315,0,0,0,0,0,0,0,0,0,0,0,0,0,0,0,0,0,34091,0,0,0
4/21/2021,5490,0,0,0,0,0,0,0,0,0,0,0,0,0,177356,0,0,0,0,0,0,0,0,0,0,0,0,0,0,0,0,0,0,0,0,0
4/22/2021,5527,0,0,0,0,0,0,0,0,0,0,0,0,0,184951,0,0,0,0,0,0,0,0,0,0,0,0,0,0,0,0,0,34259,0,0,0
4/23/2021,5569,0,0,0,0,0,0,0,0,0,0,0,0,0,190692,0,0,0,0,0,0,0,0,0,0,0,0,0,0,0,0,0,34299,0,0,0
4/24/2021,5614,0,0,0,0,0,0,0,0,0,0,0,0,0,195844,0,0,0,0,0,0,0,0,0,0,0,0,0,0,0,0,0,34426,0,0,0
4/25/2021,5665,0,0,0,0,0,0,0,0,0,0,0,0,0,201747,0,0,0,0,0,0,0,0,0,0,0,0,0,0,0,0,0,34526,0,0,0
4/26/2021,5716,0,0,0,0,0,0,0,0,0,0,0,0,0,207288,0,0,0,0,0,0,0,0,0,0,0,0,0,0,0,0,0,34624,0,0,0
4/27/2021,5764,0,0,0,0,0,0,0,0,0,0,0,0,0,213414,0,0,0,0,0,0,0,0,0,0,0,0,0,0,0,0,0,34735,0,0,0
4/28/2021,5816,0,0,0,0,0,0,0,0,0,0,0,0,0,221489,0,0,0,0,0,0,0,0,0,0,0,0,0,0,0,0,0,34859,0,0,0
4/29/2021,5875,0,0,0,0,0,0,0,0,0,0,0,0,0,227450,0,0,0,0,0,0,0,0,0,0,0,0,0,0,0,0,0,35025,0,0,0
4/30/2021,5949,0,0,0,0,0,0,0,0,0,0,0,0,0,233411,0,0,0,0,0,0,0,0,0,0,0,0,0,0,0,0,0,35166,0,0,0
5/1/2021,6046,0,0,0,0,0,0,0,0,0,0,0,0,0,239734,0,0,0,0,0,0,0,0,0,0,0,0,0,0,0,0,0,33622,0,0,0
5/2/2021,6084,0,0,0,0,0,0,0,0,0,0,0,0,0,244472,0,0,0,0,0,0,0,0,0,0,0,0,0,0,0,0,0,35586,0,0,0
5/3/2021,6150,0,0,0,0,0,0,0,0,0,0,0,0,0,251371,0,0,0,0,0,0,0,0,0,0,0,0,0,0,0,0,0,35720,0,0,0
5/4/2021,6181,0,0,0,0,0,0,0,0,0,0,0,0,0,257345,0,0,0,0,0,0,0,0,0,0,0,0,0,0,0,0,0,35991,0,0,0
5/5/2021,6223,0,0,0,0,0,0,0,0,0,0,0,0,0,263115,0,0,0,0,0,0,0,0,0,0,0,0,0,0,0,0,0,36231,0,0,0
5/6/2021,6255,0,0,0,0,0,0,0,0,0,0,0,0,0,270089,0,0,0,0,0,0,0,0,0,0,0,0,0,0,0,0,0,36531,0,0,0
5/7/2021,6311,0,0,0,0,0,0,0,0,0,0,0,0,0,276062,0,0,0,0,0,0,0,0,0,0,0,0,0,0,0,0,0,36846,0,0,0
5/8/2021,6341,0,0,0,0,0,0,0,0,0,0,0,0,0,282174,0,0,0,0,0,0,0,0,0,0,0,0,0,0,0,0,0,37205,0,0,0
5/9/2021,6367,0,0,0,0,0,0,0,0,0,0,0,0,0,286343,0,0,0,0,0,0,0,0,0,0,0,0,0,0,0,0,0,37556,0,0,0
5/10/2021,6398,0,0,0,0,0,0,0,0,0,0,0,0,0,292530,0,0,0,0,0,0,0,0,0,0,0,0,0,0,0,0,0,37689,0,0,0
5/11/2021,6426,0,0,0,0,0,0,0,0,0,0,0,0,0,296895,0,0,0,0,0,0,0,0,0,0,0,0,0,0,0,0,0,38155,0,0,0
5/12/2021,6470,0,0,0,0,0,0,0,0,0,0,0,0,0,301257,0,0,0,0,0,0,0,0,0,0,0,0,0,0,0,0,0,38571,0,0,0
5/13/2021,6510,0,0,0,0,0,0,0,0,0,0,0,0,0,306248,0,0,0,0,0,0,0,0,0,0,0,0,0,0,0,0,0,39051,0,0,0
5/14/2021,6542,0,0,0,0,0,0,0,0,0,0,0,0,0,310024,0,0,0,0,0,0,0,0,0,0,0,0,0,0,0,0,0,39603,0,0,0
5/15/2021,0,0,0,0,0,0,0,0,0,0,0,0,0,0,313181,0,0,0,0,0,0,0,0,0,0,0,0,0,0,0,0,0,40052,0,0,0
